{"loss": [16.491985321044922, 4.044503211975098, 3.677293062210083, 3.6885275840759277, 3.574286460876465, 3.4782774448394775, 3.236786127090454, 2.9789984226226807, 3.144073486328125, 2.9142508506774902, 2.345702886581421, 2.1014325618743896, 2.0455589294433594, 2.296598196029663, 1.9313424825668335, 1.8926583528518677, 2.0318691730499268, 1.6075059175491333, 1.621391773223877, 1.496202826499939, 1.4311950206756592, 1.513494849205017, 1.1754704713821411, 1.3361809253692627, 1.3254318237304688, 1.1997766494750977, 1.1622618436813354, 1.0008785724639893, 1.082634687423706, 0.9760586023330688], "accuracy": [0.04622792825102806, 0.05040128529071808, 0.07479935884475708, 0.09855537861585617, 0.13547351956367493, 0.17560192942619324, 0.22086676955223083, 0.26677367091178894, 0.32616370916366577, 0.3826645314693451, 0.4430176615715027, 0.4760834574699402, 0.5052969455718994, 0.51813805103302, 0.5784911513328552, 0.5749598741531372, 0.6211878061294556, 0.6516854166984558, 0.652969479560852, 0.6825039982795715, 0.6876404285430908, 0.7101123332977295, 0.7345104217529297, 0.7377207279205322, 0.7499197721481323, 0.7695024013519287, 0.7659711241722107, 0.7868378758430481, 0.7871589064598083, 0.8057785034179688]}